Test_Codes/test1a.py,Test_Codes/test1a.py,1.0,100.0
Test_Codes/test1a.py,Test_Codes/test1a.py,1.0,100.0
Test_Codes/test1a.py,Test_Codes/test1b.py,0.96,96.0
Test_Codes/test1a.py,Test_Codes/test1b.py,0.96,96.0
Test_Codes/test1a.py,Test_Codes/test1b.py,0.96,96.0
Test_Codes/test1a.py,Test_Codes/test1b.py,0.95,95.0
Test_Codes/test1a.py,Test_Codes/test1b.py,0.95,95.0
Test_Codes/test1a.py,Test_Codes/test1b.py,0.96,96.0
Test_Codes/test1a.py,Test_Codes/test1b.py,0.96,96.0
Test_Codes/test1a.py,Test_Codes/test1b.py,0.96,96.0
Test_Codes/test1a.py,Test_Codes/test1b.py,0.96,96.0
Test_Codes/test1a.py,Test_Codes/test1b.py,0.96,96.0
Test_Codes/test1a.py,Test_Codes/test1b.py,0.96,96.0
Test_Codes/test1a.py,Test_Codes/test1b.py,0.95,95.0
Test_Codes/test1a.py,Test_Codes/test1b.py,0.96,96.0
Test_Codes/test1a.py,Test_Codes/test1b.py,0.96,96.0
Test_Codes/test1a.py,Test_Codes/test1b.py,0.96,96.0
Test_Codes/test1a.py,Test_Codes/test1b.py,0.96,96.0
Test_Codes/test1a.py,Test_Codes/test1b.py,0.96,96.0
Test_Codes/test1a.py,Test_Codes/test1b.py,0.96,96.0
Test_Codes/test1a.py,Test_Codes/test1b.py,0.96,96.0
Test_Codes/test1a.py,Test_Codes/test1b.py,0.96,96.0
Test_Codes/test1a.py,Test_Codes/test1b.py,0.96,96.0
Test_Codes/test1a.py,Test_Codes/test1b.py,0.96,96.0
Test_Codes/test1a.py,Test_Codes/test1b.py,0.95,95.0
Test_Codes/test1a.py,Test_Codes/test1b.py,0.95,95.0
Test_Codes/test1a.py,Test_Codes/test1b.py,0.96,96.0
Test_Codes/test1a.py,Test_Codes/test1b.py,0.96,96.0
Test_Codes/test1a.py,Test_Codes/test1b.py,0.95,95.0
Test_Codes/test1a.py,Test_Codes/test1b.py,0.96,96.0
Test_Codes/test1a.py,Test_Codes/test2b.py,0.56,33.6
Test_Codes/test1a.py,Test_Codes/test2b.py,0.48,28.799999999999997
Test_Codes/test1a.py,Test_Codes/test2b.py,0.51,30.6
Test_Codes/test1a.py,Test_Codes/test2b.py,0.48,28.799999999999997
Test_Codes/test1a.py,Test_Codes/test2b.py,0.56,33.6
Test_Codes/test1a.py,Test_Codes/test2b.py,0.54,32.400000000000006
Test_Codes/test1a.py,Test_Codes/test2b.py,0.46,27.6
Test_Codes/test1a.py,Test_Codes/test2b.py,0.46,27.6
Test_Codes/test1a.py,Test_Codes/test2b.py,0.48,28.799999999999997
Test_Codes/test1a.py,Test_Codes/test2b.py,0.56,33.6
Test_Codes/test1a.py,Test_Codes/test2b.py,0.55,33.0
Test_Codes/test1a.py,Test_Codes/test2b.py,0.58,34.8
Test_Codes/test1a.py,Test_Codes/test2b.py,0.58,34.8
Test_Codes/test1a.py,Test_Codes/test2b.py,0.51,30.6
Test_Codes/test1a.py,Test_Codes/test2b.py,0.53,31.8
Test_Codes/test1a.py,Test_Codes/test2b.py,0.53,31.8
Test_Codes/test1a.py,Test_Codes/test2b.py,0.54,32.400000000000006
